order_id,user_id,product_id,quantity,price,order_date,status
3081,1019,2009,3,167.76 USD,08/02/2025,Cancelled
3005,1008,2002,4,€62.32,12-Oct-2025,Cancelled
3041,1022,2015,3,$181.98,07-Apr-2025,Completed
3070,1037,2012,1,45.91 EUR,"Mar 06, 2025",Cancelled
3011,1040,2003,5,$19.28,12-Oct-2025,Cancelled
3046,1001,2007,4,141.47 USD,"Mar 27, 2025",Pending
3071,1040,2009,3,$167.76,06-Sep-2025,Completed
3067,1013,2019,1,42.32 USD,,Cancelled
3048,1034,2016,5,"118,16 EUR",2025-10-17 00:00:00,Cancelled
3012,1024,2011,1,204.43 USD,2025-09-27 00:00:00,Pending
3099,1012,2010,5,"104,56 EUR",10/09/2025,Completed
3037,1033,2015,5,181.98 USD,2025-05-03,Completed
3084,1013,2019,4,42.32,2025-08-15 00:00:00,Completed
3054,1023,2003,3,19.28 USD,2025-10-09 00:00:00,Completed
3019,1007,2009,3,167.76 USD,2025-11-10,Pending
3001,1027,2020,1,175.60 EUR,2025-11-10,Pending
3073,1010,2018,3,127.76 EUR,2025-03-03,Pending
3027,1012,2001,4,214.08 USD,04/08/2025,Completed
3082,1033,2003,3,19.28 USD,"Aug 21, 2025",Cancelled
3054,1023,2003,3,19.28 USD,2025-10-09 00:00:00,Pending
3058,9993,2005,5,76.93 USD,"Dec 17, 2025",Cancelled
3092,1011,2014,5,€27.06,17/12/2025,Completed
3013,1018,2010,4,104.56 EUR,2025-02-04,Completed
3032,1038,2003,2,$19.28,02/03/2025,Completed
3068,1005,2014,2,27.06,27/01/2025,Completed
3084,1013,2019,4,42.32,2025-08-15 00:00:00,Cancelled
3056,1005,2001,1,$214.08,18/06/2025,Completed
3023,1019,2015,4,$181.98,01-May-2025,Completed
3045,1012,2006,5,"167,17 EUR",,Completed
3012,1024,2011,1,204.43 USD,2025-09-27 00:00:00,Pending
3079,1013,2017,5,44.51 USD,2025-02-08,Pending
3016,1024,2016,5,118.16 EUR,"Apr 28, 2025",Pending
3031,1018,2001,1,214.08 USD,2025-06-08,Pending
3023,1019,2015,4,$181.98,01-May-2025,Completed
3010,1038,2018,4,159.70,"Aug 13, 2025",Pending
3034,1023,2017,3,44.51 USD,"Aug 09, 2025",Cancelled
3063,1030,2020,5,"175,60 EUR",10/10/2025,Pending
3066,1031,2011,1,204.43 USD,2025-10-07 00:00:00,Cancelled
3029,1027,2019,2,$42.32,07-Feb-2025,Cancelled
3043,1034,2001,2,214.08 USD,2025-05-01,Pending
3006,1024,2015,5,181.98 USD,2025-07-31 00:00:00,Completed
3056,1005,2001,1,$214.08,18/06/2025,Completed
3065,1038,2006,3,€167.17,12-Jul-2025,Completed
3040,1014,2012,3,45.91 EUR,,Pending
3036,1019,2004,4,"92,42 EUR",2025-05-04 00:00:00,Pending
3017,1012,2007,2,$141.47,07-Jul-2025,Cancelled
3021,1017,2018,2,"127,76 EUR",,Pending
3035,1022,2018,1,€127.76,03-Mar-2025,Cancelled
3057,1027,2004,1,"73,94 EUR",07/07/2025,Pending
3008,1007,2018,3,€127.76,,Cancelled
3044,1018,2004,2,€73.94,08/03/2025,Completed
3069,1025,2016,3,"118,16 EUR",,Cancelled
3086,1039,2008,2,€197.06,31/07/2025,Completed
3028,1020,2019,4,42.32 USD,"Jan 23, 2025",Cancelled
3020,1039,2008,2,€197.06,01/11/2025,Cancelled
3091,1037,2011,4,204.43 USD,2025-02-02,Cancelled
3096,1007,2006,1,"167,17 EUR",2025-05-29 00:00:00,Pending
3026,1004,2006,5,€167.17,02/04/2025,Cancelled
3009,1012,2005,4,76.93 USD,08/02/2025,Pending
3085,1009,2002,5,62.32 EUR,2025-09-12,Completed
3050,1036,2020,1,€175.60,02/09/2025,Completed
3014,1014,2997,1,€66.10,29/10/2025,Cancelled
3080,1034,2003,1,$19.28,14/12/2025,Completed
3025,1003,2008,5,197.06 EUR,2025-08-02,Pending
3004,1005,2018,5,127.76 EUR,"Apr 28, 2025",Completed
3018,1001,2014,4,"27,06 EUR",2025-12-19 00:00:00,Cancelled
3039,1039,2008,2,"197,06 EUR",05/02/2025,Pending
3094,1038,2020,5,175.60 EUR,"Mar 03, 2025",Cancelled
3007,1032,2017,3,44.51 USD,2025-10-12,Completed
3074,1002,2017,1,$44.51,,Cancelled
3098,1002,2019,1,$42.32,12/06/2025,Completed
3090,1021,2010,3,"130,70 EUR",2025-09-22 00:00:00,Cancelled
3055,9992,2019,2,42.32 USD,2025-04-09,Completed
3051,1022,2010,5,"104,56 EUR",12/01/2025,Cancelled
3077,1022,2002,1,€62.32,11-Nov-2025,Completed
3047,1015,2020,5,€175.60,07-Apr-2025,Cancelled
3078,1015,2015,1,181.98 USD,2025-12-02 00:00:00,Pending
3062,1027,2014,1,€27.06,,Completed
3080,1034,2003,1,$19.28,14/12/2025,Completed
3089,1025,2003,5,$19.28,,Cancelled
3042,1021,2999,2,"106,98 EUR",2025-06-08 00:00:00,Cancelled
3059,1005,2006,2,€167.17,06-Nov-2025,Cancelled
3049,1001,2007,5,141.47 USD,2025-12-06,Pending
3097,1022,2020,3,175.60 EUR,2025-08-05,Cancelled
3058,9993,2005,5,76.93 USD,"Dec 17, 2025",Cancelled
3076,1023,2998,1,17.07 USD,,Pending
3033,1007,2002,5,"62,32 EUR",06/02/2025,Completed
3092,1011,2014,5,€27.06,17/12/2025,Completed
3060,1012,2003,2,19.28 USD,2025-06-28 00:00:00,Cancelled
3064,9994,2003,5,19.28 USD,"Jul 21, 2025",Cancelled
3095,1008,2011,3,$204.43,02-Oct-2025,Completed
3038,1011,2004,5,€73.94,04/07/2025,Completed
3030,1020,2005,3,76.93 USD,2025-06-08 00:00:00,Cancelled
3100,1018,2001,2,267.60 USD,"Dec 30, 2025",Completed
3002,1006,2020,3,€175.60,29/03/2025,Completed
3053,1013,2009,3,$167.76,06-Jun-2025,Completed
3022,1020,2002,3,62.32 EUR,"Oct 14, 2025",Pending
3003,1028,2004,1,"73,94 EUR",12/12/2025,Completed
3024,1032,2015,4,181.98 USD,2025-09-08 00:00:00,Pending
3088,1012,2007,2,176.84 USD,"Jul 10, 2025",Completed
3003,1028,2004,1,"73,94 EUR",12/12/2025,Completed
3075,1006,2001,4,214.08 USD,09/11/2025,Completed
3087,1026,2020,5,"175,60 EUR",01/11/2025,Pending
3083,1039,2012,3,€45.91,04-Feb-2025,Cancelled
3071,1040,2009,3,$167.76,06-Sep-2025,Cancelled
3021,1017,2018,2,"127,76 EUR",,Pending
3061,1010,2001,5,214.08 USD,2025-08-09,Pending
3072,1010,2004,1,"73,94 EUR",2025-01-13 00:00:00,Completed
3070,1037,2012,1,45.91 EUR,"Mar 06, 2025",Cancelled
3015,9991,2001,2,214.08 USD,07/09/2025,Completed
3093,1040,2007,4,141.47 USD,12/10/2025,Completed
3052,1006,2011,1,255.54 USD,"Nov 08, 2025",Pending
3016,1024,2016,5,118.16 EUR,"Apr 28, 2025",Pending
